gesture,rmse,mae,delta1,delta2,delta3
scroll_down,103.50994247045273,84.09666384183444,0.18026610395394235,0.2579792405256676,0.3516069370209214
